species,phenotype,phenotype_label,model_id,model_display,knowledge_group,prediction
Achromobacter xylosoxidans,animal_pathogenicity,Animal Pathogenicity,x-ai/grok-3-mini,xAI grok-3-mini,extensive,TRUE
Acinetobacter junii,animal_pathogenicity,Animal Pathogenicity,x-ai/grok-3-mini,xAI grok-3-mini,extensive,TRUE
Acinetobacter lwoffii,animal_pathogenicity,Animal Pathogenicity,x-ai/grok-3-mini,xAI grok-3-mini,extensive,TRUE
Acinetobacter nosocomialis,animal_pathogenicity,Animal Pathogenicity,x-ai/grok-3-mini,xAI grok-3-mini,extensive,TRUE
Acinetobacter pittii,animal_pathogenicity,Animal Pathogenicity,x-ai/grok-3-mini,xAI grok-3-mini,extensive,TRUE
Alteromonas macleodii,animal_pathogenicity,Animal Pathogenicity,x-ai/grok-3-mini,xAI grok-3-mini,extensive,FALSE
Bacillus atrophaeus,animal_pathogenicity,Animal Pathogenicity,x-ai/grok-3-mini,xAI grok-3-mini,extensive,FALSE
Bacillus spizizenii,animal_pathogenicity,Animal Pathogenicity,x-ai/grok-3-mini,xAI grok-3-mini,extensive,FALSE
Bacillus subtilis,animal_pathogenicity,Animal Pathogenicity,x-ai/grok-3-mini,xAI grok-3-mini,extensive,FALSE
Bacteroides caccae,animal_pathogenicity,Animal Pathogenicity,x-ai/grok-3-mini,xAI grok-3-mini,extensive,TRUE
Bacteroides ovatus,animal_pathogenicity,Animal Pathogenicity,x-ai/grok-3-mini,xAI grok-3-mini,extensive,TRUE
Bacteroides uniformis,animal_pathogenicity,Animal Pathogenicity,x-ai/grok-3-mini,xAI grok-3-mini,extensive,TRUE
Bartonella bacilliformis,animal_pathogenicity,Animal Pathogenicity,x-ai/grok-3-mini,xAI grok-3-mini,extensive,TRUE
Brevibacillus brevis,animal_pathogenicity,Animal Pathogenicity,x-ai/grok-3-mini,xAI grok-3-mini,extensive,FALSE
Burkholderia ambifaria,animal_pathogenicity,Animal Pathogenicity,x-ai/grok-3-mini,xAI grok-3-mini,extensive,TRUE
Burkholderia cenocepacia,animal_pathogenicity,Animal Pathogenicity,x-ai/grok-3-mini,xAI grok-3-mini,extensive,TRUE
Burkholderia contaminans,animal_pathogenicity,Animal Pathogenicity,x-ai/grok-3-mini,xAI grok-3-mini,extensive,TRUE
Burkholderia stabilis,animal_pathogenicity,Animal Pathogenicity,x-ai/grok-3-mini,xAI grok-3-mini,extensive,TRUE
Burkholderia vietnamiensis,animal_pathogenicity,Animal Pathogenicity,x-ai/grok-3-mini,xAI grok-3-mini,extensive,TRUE
Citrobacter koseri,animal_pathogenicity,Animal Pathogenicity,x-ai/grok-3-mini,xAI grok-3-mini,extensive,TRUE
Cutibacterium acnes,animal_pathogenicity,Animal Pathogenicity,x-ai/grok-3-mini,xAI grok-3-mini,extensive,TRUE
Delftia acidovorans,animal_pathogenicity,Animal Pathogenicity,x-ai/grok-3-mini,xAI grok-3-mini,extensive,FALSE
Desulfovibrio desulfuricans,animal_pathogenicity,Animal Pathogenicity,x-ai/grok-3-mini,xAI grok-3-mini,extensive,FALSE
Erwinia amylovora,animal_pathogenicity,Animal Pathogenicity,x-ai/grok-3-mini,xAI grok-3-mini,extensive,FALSE
Finegoldia magna,animal_pathogenicity,Animal Pathogenicity,x-ai/grok-3-mini,xAI grok-3-mini,extensive,TRUE
Geobacillus stearothermophilus,animal_pathogenicity,Animal Pathogenicity,x-ai/grok-3-mini,xAI grok-3-mini,extensive,FALSE
Geobacillus thermodenitrificans,animal_pathogenicity,Animal Pathogenicity,x-ai/grok-3-mini,xAI grok-3-mini,extensive,FALSE
Geobacillus thermoleovorans,animal_pathogenicity,Animal Pathogenicity,x-ai/grok-3-mini,xAI grok-3-mini,extensive,FALSE
Herbaspirillum seropedicae,animal_pathogenicity,Animal Pathogenicity,x-ai/grok-3-mini,xAI grok-3-mini,extensive,FALSE
Lactiplantibacillus pentosus,animal_pathogenicity,Animal Pathogenicity,x-ai/grok-3-mini,xAI grok-3-mini,extensive,FALSE
Lactobacillus crispatus,animal_pathogenicity,Animal Pathogenicity,x-ai/grok-3-mini,xAI grok-3-mini,extensive,FALSE
Lactobacillus gasseri,animal_pathogenicity,Animal Pathogenicity,x-ai/grok-3-mini,xAI grok-3-mini,extensive,FALSE
Latilactobacillus sakei,animal_pathogenicity,Animal Pathogenicity,x-ai/grok-3-mini,xAI grok-3-mini,extensive,FALSE
Mesorhizobium loti,animal_pathogenicity,Animal Pathogenicity,x-ai/grok-3-mini,xAI grok-3-mini,extensive,FALSE
Mesorhizobium tianshanense,animal_pathogenicity,Animal Pathogenicity,x-ai/grok-3-mini,xAI grok-3-mini,extensive,FALSE
Methylomonas methanica,animal_pathogenicity,Animal Pathogenicity,x-ai/grok-3-mini,xAI grok-3-mini,extensive,FALSE
Micrococcus luteus,animal_pathogenicity,Animal Pathogenicity,x-ai/grok-3-mini,xAI grok-3-mini,extensive,FALSE
Mycoplasmopsis fermentans,animal_pathogenicity,Animal Pathogenicity,x-ai/grok-3-mini,xAI grok-3-mini,extensive,TRUE
Nitrosomonas europaea,animal_pathogenicity,Animal Pathogenicity,x-ai/grok-3-mini,xAI grok-3-mini,extensive,FALSE
Pantoea agglomerans,animal_pathogenicity,Animal Pathogenicity,x-ai/grok-3-mini,xAI grok-3-mini,extensive,TRUE
Pantoea stewartii,animal_pathogenicity,Animal Pathogenicity,x-ai/grok-3-mini,xAI grok-3-mini,extensive,FALSE
Parabacteroides distasonis,animal_pathogenicity,Animal Pathogenicity,x-ai/grok-3-mini,xAI grok-3-mini,extensive,TRUE
Parabacteroides merdae,animal_pathogenicity,Animal Pathogenicity,x-ai/grok-3-mini,xAI grok-3-mini,extensive,TRUE
Parageobacillus thermoglucosidasius,animal_pathogenicity,Animal Pathogenicity,x-ai/grok-3-mini,xAI grok-3-mini,extensive,FALSE
Pectobacterium atrosepticum,animal_pathogenicity,Animal Pathogenicity,x-ai/grok-3-mini,xAI grok-3-mini,extensive,FALSE
Pectobacterium parmentieri,animal_pathogenicity,Animal Pathogenicity,x-ai/grok-3-mini,xAI grok-3-mini,extensive,FALSE
Photobacterium phosphoreum,animal_pathogenicity,Animal Pathogenicity,x-ai/grok-3-mini,xAI grok-3-mini,extensive,FALSE
Priestia megaterium,animal_pathogenicity,Animal Pathogenicity,x-ai/grok-3-mini,xAI grok-3-mini,extensive,FALSE
Proteus vulgaris,animal_pathogenicity,Animal Pathogenicity,x-ai/grok-3-mini,xAI grok-3-mini,extensive,TRUE
Pseudomonas savastanoi,animal_pathogenicity,Animal Pathogenicity,x-ai/grok-3-mini,xAI grok-3-mini,extensive,FALSE
Rhizobium phaseoli,animal_pathogenicity,Animal Pathogenicity,x-ai/grok-3-mini,xAI grok-3-mini,extensive,FALSE
Rothia mucilaginosa,animal_pathogenicity,Animal Pathogenicity,x-ai/grok-3-mini,xAI grok-3-mini,extensive,TRUE
Salmonella bongori,animal_pathogenicity,Animal Pathogenicity,x-ai/grok-3-mini,xAI grok-3-mini,extensive,TRUE
Sinorhizobium fredii,animal_pathogenicity,Animal Pathogenicity,x-ai/grok-3-mini,xAI grok-3-mini,extensive,FALSE
Sorangium cellulosum,animal_pathogenicity,Animal Pathogenicity,x-ai/grok-3-mini,xAI grok-3-mini,extensive,FALSE
Streptococcus pyogenes,animal_pathogenicity,Animal Pathogenicity,x-ai/grok-3-mini,xAI grok-3-mini,extensive,TRUE
Streptomyces albidoflavus,animal_pathogenicity,Animal Pathogenicity,x-ai/grok-3-mini,xAI grok-3-mini,extensive,FALSE
Streptomyces echinatus,animal_pathogenicity,Animal Pathogenicity,x-ai/grok-3-mini,xAI grok-3-mini,extensive,FALSE
Streptomyces kanamyceticus,animal_pathogenicity,Animal Pathogenicity,x-ai/grok-3-mini,xAI grok-3-mini,extensive,FALSE
Streptomyces luteogriseus,animal_pathogenicity,Animal Pathogenicity,x-ai/grok-3-mini,xAI grok-3-mini,extensive,FALSE
Streptomyces nodosus,animal_pathogenicity,Animal Pathogenicity,x-ai/grok-3-mini,xAI grok-3-mini,extensive,FALSE
Streptomyces noursei,animal_pathogenicity,Animal Pathogenicity,x-ai/grok-3-mini,xAI grok-3-mini,extensive,FALSE
Streptomyces peucetius,animal_pathogenicity,Animal Pathogenicity,x-ai/grok-3-mini,xAI grok-3-mini,extensive,FALSE
Streptomyces phaeochromogenes,animal_pathogenicity,Animal Pathogenicity,x-ai/grok-3-mini,xAI grok-3-mini,extensive,FALSE
Streptomyces reticuliscabiei,animal_pathogenicity,Animal Pathogenicity,x-ai/grok-3-mini,xAI grok-3-mini,extensive,FALSE
Streptomyces violascens,animal_pathogenicity,Animal Pathogenicity,x-ai/grok-3-mini,xAI grok-3-mini,extensive,FALSE
Streptomyces xantholiticus,animal_pathogenicity,Animal Pathogenicity,x-ai/grok-3-mini,xAI grok-3-mini,extensive,FALSE
Vibrio cholerae,animal_pathogenicity,Animal Pathogenicity,x-ai/grok-3-mini,xAI grok-3-mini,extensive,TRUE
Xanthomonas axonopodis,animal_pathogenicity,Animal Pathogenicity,x-ai/grok-3-mini,xAI grok-3-mini,extensive,FALSE
Xanthomonas campestris,animal_pathogenicity,Animal Pathogenicity,x-ai/grok-3-mini,xAI grok-3-mini,extensive,FALSE
Xanthomonas euvesicatoria,animal_pathogenicity,Animal Pathogenicity,x-ai/grok-3-mini,xAI grok-3-mini,extensive,FALSE
Xanthomonas oryzae,animal_pathogenicity,Animal Pathogenicity,x-ai/grok-3-mini,xAI grok-3-mini,extensive,FALSE
Xanthomonas perforans,animal_pathogenicity,Animal Pathogenicity,x-ai/grok-3-mini,xAI grok-3-mini,extensive,FALSE
Xanthomonas phaseoli,animal_pathogenicity,Animal Pathogenicity,x-ai/grok-3-mini,xAI grok-3-mini,extensive,FALSE
Xanthomonas vasicola,animal_pathogenicity,Animal Pathogenicity,x-ai/grok-3-mini,xAI grok-3-mini,extensive,FALSE
Aeromonas veronii,biosafety_level,Biosafety Level,x-ai/grok-3-mini,xAI grok-3-mini,extensive,biosafety level 2
Agathobacter rectalis,biosafety_level,Biosafety Level,x-ai/grok-3-mini,xAI grok-3-mini,extensive,biosafety level 1
Agrobacterium fabrum,biosafety_level,Biosafety Level,x-ai/grok-3-mini,xAI grok-3-mini,extensive,biosafety level 1
Burkholderia glumae,biosafety_level,Biosafety Level,x-ai/grok-3-mini,xAI grok-3-mini,extensive,biosafety level 1
Burkholderia mallei,biosafety_level,Biosafety Level,x-ai/grok-3-mini,xAI grok-3-mini,extensive,biosafety level 3
Burkholderia multivorans,biosafety_level,Biosafety Level,x-ai/grok-3-mini,xAI grok-3-mini,extensive,biosafety level 2
Clostridium ljungdahlii,biosafety_level,Biosafety Level,x-ai/grok-3-mini,xAI grok-3-mini,extensive,biosafety level 1
Escherichia coli,biosafety_level,Biosafety Level,x-ai/grok-3-mini,xAI grok-3-mini,extensive,biosafety level 2
Lactobacillus acidophilus,biosafety_level,Biosafety Level,x-ai/grok-3-mini,xAI grok-3-mini,extensive,biosafety level 1
Mycobacterium tuberculosis,biosafety_level,Biosafety Level,x-ai/grok-3-mini,xAI grok-3-mini,extensive,biosafety level 3
Mycoplasma mycoides,biosafety_level,Biosafety Level,x-ai/grok-3-mini,xAI grok-3-mini,extensive,biosafety level 2
Mycoplasmoides pneumoniae,biosafety_level,Biosafety Level,x-ai/grok-3-mini,xAI grok-3-mini,extensive,biosafety level 2
Pasteurella multocida,biosafety_level,Biosafety Level,x-ai/grok-3-mini,xAI grok-3-mini,extensive,biosafety level 2
Prevotella nigrescens,biosafety_level,Biosafety Level,x-ai/grok-3-mini,xAI grok-3-mini,extensive,biosafety level 2
Ralstonia pickettii,biosafety_level,Biosafety Level,x-ai/grok-3-mini,xAI grok-3-mini,extensive,biosafety level 2
Rickettsia parkeri,biosafety_level,Biosafety Level,x-ai/grok-3-mini,xAI grok-3-mini,extensive,biosafety level 3
Rickettsia prowazekii,biosafety_level,Biosafety Level,x-ai/grok-3-mini,xAI grok-3-mini,extensive,biosafety level 3
Staphylococcus saprophyticus,biosafety_level,Biosafety Level,x-ai/grok-3-mini,xAI grok-3-mini,extensive,biosafety level 2
Streptococcus equi,biosafety_level,Biosafety Level,x-ai/grok-3-mini,xAI grok-3-mini,extensive,biosafety level 2
Streptococcus parasanguinis,biosafety_level,Biosafety Level,x-ai/grok-3-mini,xAI grok-3-mini,extensive,biosafety level 2
Streptomyces coelicolor,biosafety_level,Biosafety Level,x-ai/grok-3-mini,xAI grok-3-mini,extensive,biosafety level 1
Treponema denticola,biosafety_level,Biosafety Level,x-ai/grok-3-mini,xAI grok-3-mini,extensive,biosafety level 2
[Haemophilus] ducreyi,biosafety_level,Biosafety Level,x-ai/grok-3-mini,xAI grok-3-mini,extensive,biosafety level 2
Aeromonas sobria,host_association,Host Association,anthropic/claude-sonnet-4,Anthropic claude-sonnet-4,extensive,TRUE
Amycolatopsis orientalis,host_association,Host Association,anthropic/claude-sonnet-4,Anthropic claude-sonnet-4,extensive,FALSE
Arthrobacter globiformis,host_association,Host Association,anthropic/claude-sonnet-4,Anthropic claude-sonnet-4,extensive,FALSE
Brevibacterium linens,host_association,Host Association,anthropic/claude-sonnet-4,Anthropic claude-sonnet-4,extensive,TRUE
Corynebacterium glutamicum,host_association,Host Association,anthropic/claude-sonnet-4,Anthropic claude-sonnet-4,extensive,FALSE
Stutzerimonas stutzeri,host_association,Host Association,anthropic/claude-sonnet-4,Anthropic claude-sonnet-4,extensive,TRUE
Acinetobacter lwoffii,plant_pathogenicity,Plant Pathogenicity,anthropic/claude-sonnet-4,Anthropic claude-sonnet-4,extensive,FALSE
Campylobacter coli,plant_pathogenicity,Plant Pathogenicity,anthropic/claude-sonnet-4,Anthropic claude-sonnet-4,extensive,FALSE
Campylobacter jejuni,plant_pathogenicity,Plant Pathogenicity,anthropic/claude-sonnet-4,Anthropic claude-sonnet-4,extensive,FALSE
Klebsiella oxytoca,plant_pathogenicity,Plant Pathogenicity,anthropic/claude-sonnet-4,Anthropic claude-sonnet-4,extensive,FALSE
Klebsiella pneumoniae,plant_pathogenicity,Plant Pathogenicity,anthropic/claude-sonnet-4,Anthropic claude-sonnet-4,extensive,FALSE
Acetobacter pasteurianus,spore_formation,Spore Formation,openai/gpt-oss-120b,OpenAI gpt-oss-120b,extensive,FALSE
Actinobacillus pleuropneumoniae,spore_formation,Spore Formation,openai/gpt-oss-120b,OpenAI gpt-oss-120b,extensive,FALSE
Aggregatibacter actinomycetemcomitans,spore_formation,Spore Formation,openai/gpt-oss-120b,OpenAI gpt-oss-120b,extensive,FALSE
Agrobacterium fabrum,spore_formation,Spore Formation,openai/gpt-oss-120b,OpenAI gpt-oss-120b,extensive,FALSE
Avibacterium paragallinarum,spore_formation,Spore Formation,openai/gpt-oss-120b,OpenAI gpt-oss-120b,extensive,FALSE
Bacteroides cellulosilyticus,spore_formation,Spore Formation,openai/gpt-oss-120b,OpenAI gpt-oss-120b,extensive,FALSE
Bdellovibrio bacteriovorus,spore_formation,Spore Formation,openai/gpt-oss-120b,OpenAI gpt-oss-120b,extensive,FALSE
Bibersteinia trehalosi,spore_formation,Spore Formation,openai/gpt-oss-120b,OpenAI gpt-oss-120b,extensive,FALSE
Bifidobacterium adolescentis,spore_formation,Spore Formation,openai/gpt-oss-120b,OpenAI gpt-oss-120b,extensive,FALSE
Bifidobacterium dentium,spore_formation,Spore Formation,openai/gpt-oss-120b,OpenAI gpt-oss-120b,extensive,FALSE
Borreliella afzelii,spore_formation,Spore Formation,openai/gpt-oss-120b,OpenAI gpt-oss-120b,extensive,FALSE
Borreliella burgdorferi,spore_formation,Spore Formation,openai/gpt-oss-120b,OpenAI gpt-oss-120b,extensive,FALSE
Borreliella garinii,spore_formation,Spore Formation,openai/gpt-oss-120b,OpenAI gpt-oss-120b,extensive,FALSE
Brachyspira hyodysenteriae,spore_formation,Spore Formation,openai/gpt-oss-120b,OpenAI gpt-oss-120b,extensive,FALSE
Burkholderia cepacia,spore_formation,Spore Formation,openai/gpt-oss-120b,OpenAI gpt-oss-120b,extensive,FALSE
Burkholderia glumae,spore_formation,Spore Formation,openai/gpt-oss-120b,OpenAI gpt-oss-120b,extensive,FALSE
Burkholderia multivorans,spore_formation,Spore Formation,openai/gpt-oss-120b,OpenAI gpt-oss-120b,extensive,FALSE
Campylobacter jejuni,spore_formation,Spore Formation,openai/gpt-oss-120b,OpenAI gpt-oss-120b,extensive,FALSE
Clostridioides difficile,spore_formation,Spore Formation,openai/gpt-oss-120b,OpenAI gpt-oss-120b,extensive,TRUE
Clostridium acetobutylicum,spore_formation,Spore Formation,openai/gpt-oss-120b,OpenAI gpt-oss-120b,extensive,TRUE
Clostridium kluyveri,spore_formation,Spore Formation,openai/gpt-oss-120b,OpenAI gpt-oss-120b,extensive,TRUE
Clostridium ljungdahlii,spore_formation,Spore Formation,openai/gpt-oss-120b,OpenAI gpt-oss-120b,extensive,TRUE
Clostridium pasteurianum,spore_formation,Spore Formation,openai/gpt-oss-120b,OpenAI gpt-oss-120b,extensive,TRUE
Corynebacterium urealyticum,spore_formation,Spore Formation,openai/gpt-oss-120b,OpenAI gpt-oss-120b,extensive,FALSE
Dickeya dadantii,spore_formation,Spore Formation,openai/gpt-oss-120b,OpenAI gpt-oss-120b,extensive,FALSE
Eggerthella lenta,spore_formation,Spore Formation,openai/gpt-oss-120b,OpenAI gpt-oss-120b,extensive,FALSE
Erysipelothrix rhusiopathiae,spore_formation,Spore Formation,openai/gpt-oss-120b,OpenAI gpt-oss-120b,extensive,FALSE
Fusobacterium necrophorum,spore_formation,Spore Formation,openai/gpt-oss-120b,OpenAI gpt-oss-120b,extensive,FALSE
Fusobacterium varium,spore_formation,Spore Formation,openai/gpt-oss-120b,OpenAI gpt-oss-120b,extensive,FALSE
Glaesserella parasuis,spore_formation,Spore Formation,openai/gpt-oss-120b,OpenAI gpt-oss-120b,extensive,FALSE
Haemophilus influenzae,spore_formation,Spore Formation,openai/gpt-oss-120b,OpenAI gpt-oss-120b,extensive,FALSE
Halomonas elongata,spore_formation,Spore Formation,openai/gpt-oss-120b,OpenAI gpt-oss-120b,extensive,FALSE
Histophilus somni,spore_formation,Spore Formation,openai/gpt-oss-120b,OpenAI gpt-oss-120b,extensive,FALSE
Lacticaseibacillus paracasei,spore_formation,Spore Formation,openai/gpt-oss-120b,OpenAI gpt-oss-120b,extensive,FALSE
Lactobacillus acidophilus,spore_formation,Spore Formation,openai/gpt-oss-120b,OpenAI gpt-oss-120b,extensive,FALSE
Lactobacillus gasseri,spore_formation,Spore Formation,openai/gpt-oss-120b,OpenAI gpt-oss-120b,extensive,FALSE
Lactobacillus johnsonii,spore_formation,Spore Formation,openai/gpt-oss-120b,OpenAI gpt-oss-120b,extensive,FALSE
Lactococcus lactis,spore_formation,Spore Formation,openai/gpt-oss-120b,OpenAI gpt-oss-120b,extensive,FALSE
Leptospira borgpetersenii,spore_formation,Spore Formation,openai/gpt-oss-120b,OpenAI gpt-oss-120b,extensive,FALSE
Leptospira interrogans,spore_formation,Spore Formation,openai/gpt-oss-120b,OpenAI gpt-oss-120b,extensive,FALSE
Leptospira kirschneri,spore_formation,Spore Formation,openai/gpt-oss-120b,OpenAI gpt-oss-120b,extensive,FALSE
Levilactobacillus brevis,spore_formation,Spore Formation,openai/gpt-oss-120b,OpenAI gpt-oss-120b,extensive,FALSE
Listeria ivanovii,spore_formation,Spore Formation,openai/gpt-oss-120b,OpenAI gpt-oss-120b,extensive,FALSE
Mannheimia haemolytica,spore_formation,Spore Formation,openai/gpt-oss-120b,OpenAI gpt-oss-120b,extensive,FALSE
Mesomycoplasma ovipneumoniae,spore_formation,Spore Formation,openai/gpt-oss-120b,OpenAI gpt-oss-120b,extensive,FALSE
Metamycoplasma hominis,spore_formation,Spore Formation,openai/gpt-oss-120b,OpenAI gpt-oss-120b,extensive,FALSE
Methanosarcina barkeri,spore_formation,Spore Formation,openai/gpt-oss-120b,OpenAI gpt-oss-120b,extensive,FALSE
Mycoplasma mycoides,spore_formation,Spore Formation,openai/gpt-oss-120b,OpenAI gpt-oss-120b,extensive,FALSE
Mycoplasmoides gallisepticum,spore_formation,Spore Formation,openai/gpt-oss-120b,OpenAI gpt-oss-120b,extensive,FALSE
Mycoplasmoides pneumoniae,spore_formation,Spore Formation,openai/gpt-oss-120b,OpenAI gpt-oss-120b,extensive,FALSE
Mycoplasmopsis pulmonis,spore_formation,Spore Formation,openai/gpt-oss-120b,OpenAI gpt-oss-120b,extensive,FALSE
Mycoplasmopsis synoviae,spore_formation,Spore Formation,openai/gpt-oss-120b,OpenAI gpt-oss-120b,extensive,FALSE
Neisseria sicca,spore_formation,Spore Formation,openai/gpt-oss-120b,OpenAI gpt-oss-120b,extensive,FALSE
Nitrobacter winogradskyi,spore_formation,Spore Formation,openai/gpt-oss-120b,OpenAI gpt-oss-120b,extensive,FALSE
Nitrosomonas eutropha,spore_formation,Spore Formation,openai/gpt-oss-120b,OpenAI gpt-oss-120b,extensive,FALSE
Nocardia asteroides,spore_formation,Spore Formation,openai/gpt-oss-120b,OpenAI gpt-oss-120b,extensive,TRUE
Paenibacillus alvei,spore_formation,Spore Formation,openai/gpt-oss-120b,OpenAI gpt-oss-120b,extensive,TRUE
Pantoea stewartii,spore_formation,Spore Formation,openai/gpt-oss-120b,OpenAI gpt-oss-120b,extensive,FALSE
Pasteurella multocida,spore_formation,Spore Formation,openai/gpt-oss-120b,OpenAI gpt-oss-120b,extensive,FALSE
Photorhabdus luminescens,spore_formation,Spore Formation,openai/gpt-oss-120b,OpenAI gpt-oss-120b,extensive,FALSE
Prevotella melaninogenica,spore_formation,Spore Formation,openai/gpt-oss-120b,OpenAI gpt-oss-120b,extensive,FALSE
Prevotella nigrescens,spore_formation,Spore Formation,openai/gpt-oss-120b,OpenAI gpt-oss-120b,extensive,FALSE
Pseudomonas chlororaphis,spore_formation,Spore Formation,openai/gpt-oss-120b,OpenAI gpt-oss-120b,extensive,FALSE
Pseudomonas syringae,spore_formation,Spore Formation,openai/gpt-oss-120b,OpenAI gpt-oss-120b,extensive,FALSE
Ralstonia solanacearum,spore_formation,Spore Formation,openai/gpt-oss-120b,OpenAI gpt-oss-120b,extensive,FALSE
Saccharopolyspora erythraea,spore_formation,Spore Formation,openai/gpt-oss-120b,OpenAI gpt-oss-120b,extensive,TRUE
Salmonella enterica,spore_formation,Spore Formation,openai/gpt-oss-120b,OpenAI gpt-oss-120b,extensive,FALSE
Streptococcus agalactiae,spore_formation,Spore Formation,openai/gpt-oss-120b,OpenAI gpt-oss-120b,extensive,FALSE
Streptococcus equi,spore_formation,Spore Formation,openai/gpt-oss-120b,OpenAI gpt-oss-120b,extensive,FALSE
Streptococcus gallolyticus,spore_formation,Spore Formation,openai/gpt-oss-120b,OpenAI gpt-oss-120b,extensive,FALSE
Streptococcus parasanguinis,spore_formation,Spore Formation,openai/gpt-oss-120b,OpenAI gpt-oss-120b,extensive,FALSE
Streptomyces avermitilis,spore_formation,Spore Formation,openai/gpt-oss-120b,OpenAI gpt-oss-120b,extensive,TRUE
Streptomyces coelicolor,spore_formation,Spore Formation,openai/gpt-oss-120b,OpenAI gpt-oss-120b,extensive,TRUE
Streptomyces hygroscopicus,spore_formation,Spore Formation,openai/gpt-oss-120b,OpenAI gpt-oss-120b,extensive,TRUE
Thiobacillus denitrificans,spore_formation,Spore Formation,openai/gpt-oss-120b,OpenAI gpt-oss-120b,extensive,FALSE
[Clostridium] leptum,spore_formation,Spore Formation,openai/gpt-oss-120b,OpenAI gpt-oss-120b,extensive,TRUE
[Haemophilus] ducreyi,spore_formation,Spore Formation,openai/gpt-oss-120b,OpenAI gpt-oss-120b,extensive,FALSE
Acidipropionibacterium acidipropionici,cell_shape,Cell Shape,openai/gpt-4.1-nano,OpenAI gpt-4.1-nano,extensive,coccus
Actinomyces naeslundii,cell_shape,Cell Shape,openai/gpt-4.1-nano,OpenAI gpt-4.1-nano,extensive,coccus
Actinomyces oris,cell_shape,Cell Shape,openai/gpt-4.1-nano,OpenAI gpt-4.1-nano,extensive,bacillus
Actinomyces viscosus,cell_shape,Cell Shape,openai/gpt-4.1-nano,OpenAI gpt-4.1-nano,extensive,bacillus
Actinoplanes globisporus,cell_shape,Cell Shape,openai/gpt-4.1-nano,OpenAI gpt-4.1-nano,extensive,tail
Actinoplanes missouriensis,cell_shape,Cell Shape,openai/gpt-4.1-nano,OpenAI gpt-4.1-nano,extensive,bacillus
Aerococcus urinae,cell_shape,Cell Shape,openai/gpt-4.1-nano,OpenAI gpt-4.1-nano,extensive,coccus
Aliarcobacter butzleri,cell_shape,Cell Shape,openai/gpt-4.1-nano,OpenAI gpt-4.1-nano,extensive,spirillum
Amycolatopsis albidoflavus,cell_shape,Cell Shape,openai/gpt-4.1-nano,OpenAI gpt-4.1-nano,extensive,bacillus
Amycolatopsis balhimycina,cell_shape,Cell Shape,openai/gpt-4.1-nano,OpenAI gpt-4.1-nano,extensive,bacillus
Amycolatopsis mediterranei,cell_shape,Cell Shape,openai/gpt-4.1-nano,OpenAI gpt-4.1-nano,extensive,bacillus
Amycolatopsis orientalis,cell_shape,Cell Shape,openai/gpt-4.1-nano,OpenAI gpt-4.1-nano,extensive,bacillus
Amycolatopsis rifamycinica,cell_shape,Cell Shape,openai/gpt-4.1-nano,OpenAI gpt-4.1-nano,extensive,bacillus
Anaerobutyricum hallii,cell_shape,Cell Shape,openai/gpt-4.1-nano,OpenAI gpt-4.1-nano,extensive,bacillus
Avibacterium paragallinarum,cell_shape,Cell Shape,openai/gpt-4.1-nano,OpenAI gpt-4.1-nano,extensive,coccus
Bdellovibrio bacteriovorus,cell_shape,Cell Shape,openai/gpt-4.1-nano,OpenAI gpt-4.1-nano,extensive,tail
Brevibacterium linens,cell_shape,Cell Shape,openai/gpt-4.1-nano,OpenAI gpt-4.1-nano,extensive,coccus
Brevundimonas diminuta,cell_shape,Cell Shape,openai/gpt-4.1-nano,OpenAI gpt-4.1-nano,extensive,bacillus
Capnocytophaga gingivalis,cell_shape,Cell Shape,openai/gpt-4.1-nano,OpenAI gpt-4.1-nano,extensive,bacillus
Clostridium hominis,cell_shape,Cell Shape,openai/gpt-4.1-nano,OpenAI gpt-4.1-nano,extensive,bacillus
Corynebacterium amycolatum,cell_shape,Cell Shape,openai/gpt-4.1-nano,OpenAI gpt-4.1-nano,extensive,coccus
Corynebacterium pseudodiphtheriticum,cell_shape,Cell Shape,openai/gpt-4.1-nano,OpenAI gpt-4.1-nano,extensive,coccus
Corynebacterium striatum,cell_shape,Cell Shape,openai/gpt-4.1-nano,OpenAI gpt-4.1-nano,extensive,coccus
Corynebacterium xerosis,cell_shape,Cell Shape,openai/gpt-4.1-nano,OpenAI gpt-4.1-nano,extensive,coccus
Cutibacterium acnes,cell_shape,Cell Shape,openai/gpt-4.1-nano,OpenAI gpt-4.1-nano,extensive,coccus
Deinococcus geothermalis,cell_shape,Cell Shape,openai/gpt-4.1-nano,OpenAI gpt-4.1-nano,extensive,coccus
Deinococcus radiodurans,cell_shape,Cell Shape,openai/gpt-4.1-nano,OpenAI gpt-4.1-nano,extensive,coccus
Desulfatibacillum alkenivorans,cell_shape,Cell Shape,openai/gpt-4.1-nano,OpenAI gpt-4.1-nano,extensive,bacillus
Eggerthella lenta,cell_shape,Cell Shape,openai/gpt-4.1-nano,OpenAI gpt-4.1-nano,extensive,bacillus
Enterococcus durans,cell_shape,Cell Shape,openai/gpt-4.1-nano,OpenAI gpt-4.1-nano,extensive,coccus
Enterococcus faecium,cell_shape,Cell Shape,openai/gpt-4.1-nano,OpenAI gpt-4.1-nano,extensive,coccus
Enterococcus hirae,cell_shape,Cell Shape,openai/gpt-4.1-nano,OpenAI gpt-4.1-nano,extensive,coccus
Enterococcus mundtii,cell_shape,Cell Shape,openai/gpt-4.1-nano,OpenAI gpt-4.1-nano,extensive,coccus
Enterococcus plantarum,cell_shape,Cell Shape,openai/gpt-4.1-nano,OpenAI gpt-4.1-nano,extensive,coccus
Erysipelothrix rhusiopathiae,cell_shape,Cell Shape,openai/gpt-4.1-nano,OpenAI gpt-4.1-nano,extensive,bacillus
Frankia casuarinae,cell_shape,Cell Shape,openai/gpt-4.1-nano,OpenAI gpt-4.1-nano,extensive,bacillus
Fructilactobacillus sanfranciscensis,cell_shape,Cell Shape,openai/gpt-4.1-nano,OpenAI gpt-4.1-nano,extensive,coccus
Haloarcula japonica,cell_shape,Cell Shape,openai/gpt-4.1-nano,OpenAI gpt-4.1-nano,extensive,coccus
Halobacterium salinarum,cell_shape,Cell Shape,openai/gpt-4.1-nano,OpenAI gpt-4.1-nano,extensive,tail
Haloferax volcanii,cell_shape,Cell Shape,openai/gpt-4.1-nano,OpenAI gpt-4.1-nano,extensive,coccus
Kocuria varians,cell_shape,Cell Shape,openai/gpt-4.1-nano,OpenAI gpt-4.1-nano,extensive,coccus
Komagataeibacter nataicola,cell_shape,Cell Shape,openai/gpt-4.1-nano,OpenAI gpt-4.1-nano,extensive,coccus
Komagataeibacter rhaeticus,cell_shape,Cell Shape,openai/gpt-4.1-nano,OpenAI gpt-4.1-nano,extensive,bacillus
Komagataeibacter xylinus,cell_shape,Cell Shape,openai/gpt-4.1-nano,OpenAI gpt-4.1-nano,extensive,coccus
Lachnospira eligens,cell_shape,Cell Shape,openai/gpt-4.1-nano,OpenAI gpt-4.1-nano,extensive,bacillus
Leuconostoc carnosum,cell_shape,Cell Shape,openai/gpt-4.1-nano,OpenAI gpt-4.1-nano,extensive,coccus
Leuconostoc citreum,cell_shape,Cell Shape,openai/gpt-4.1-nano,OpenAI gpt-4.1-nano,extensive,coccus
Ligilactobacillus acidipiscis,cell_shape,Cell Shape,openai/gpt-4.1-nano,OpenAI gpt-4.1-nano,extensive,coccus
Ligilactobacillus salivarius,cell_shape,Cell Shape,openai/gpt-4.1-nano,OpenAI gpt-4.1-nano,extensive,coccus
Limosilactobacillus panis,cell_shape,Cell Shape,openai/gpt-4.1-nano,OpenAI gpt-4.1-nano,extensive,coccus
Macrococcus epidermidis,cell_shape,Cell Shape,openai/gpt-4.1-nano,OpenAI gpt-4.1-nano,extensive,coccus
Methylotuvimicrobium buryatense,cell_shape,Cell Shape,openai/gpt-4.1-nano,OpenAI gpt-4.1-nano,extensive,bacillus
Microbacterium laevaniformans,cell_shape,Cell Shape,openai/gpt-4.1-nano,OpenAI gpt-4.1-nano,extensive,coccus
Moraxella catarrhalis,cell_shape,Cell Shape,openai/gpt-4.1-nano,OpenAI gpt-4.1-nano,extensive,coccus
Moraxella osloensis,cell_shape,Cell Shape,openai/gpt-4.1-nano,OpenAI gpt-4.1-nano,extensive,coccus
Neisseria flavescens,cell_shape,Cell Shape,openai/gpt-4.1-nano,OpenAI gpt-4.1-nano,extensive,coccus
Neisseria sicca,cell_shape,Cell Shape,openai/gpt-4.1-nano,OpenAI gpt-4.1-nano,extensive,coccus
Neisseria subflava,cell_shape,Cell Shape,openai/gpt-4.1-nano,OpenAI gpt-4.1-nano,extensive,coccus
Nitrosomonas europaea,cell_shape,Cell Shape,openai/gpt-4.1-nano,OpenAI gpt-4.1-nano,extensive,bacillus
Oxalobacter formigenes,cell_shape,Cell Shape,openai/gpt-4.1-nano,OpenAI gpt-4.1-nano,extensive,bacillus
Paenibacillus dendritiformis,cell_shape,Cell Shape,openai/gpt-4.1-nano,OpenAI gpt-4.1-nano,extensive,bacillus
Paenibacillus mucilaginosus,cell_shape,Cell Shape,openai/gpt-4.1-nano,OpenAI gpt-4.1-nano,extensive,bacillus
Paenibacillus terrigena,cell_shape,Cell Shape,openai/gpt-4.1-nano,OpenAI gpt-4.1-nano,extensive,bacillus
Paraburkholderia kururiensis,cell_shape,Cell Shape,openai/gpt-4.1-nano,OpenAI gpt-4.1-nano,extensive,bacillus
Pediococcus pentosaceus,cell_shape,Cell Shape,openai/gpt-4.1-nano,OpenAI gpt-4.1-nano,extensive,coccus
Persephonella marina,cell_shape,Cell Shape,openai/gpt-4.1-nano,OpenAI gpt-4.1-nano,extensive,tail
Pseudomonas oleovorans,cell_shape,Cell Shape,openai/gpt-4.1-nano,OpenAI gpt-4.1-nano,extensive,bacillus
Saccharopolyspora erythraea,cell_shape,Cell Shape,openai/gpt-4.1-nano,OpenAI gpt-4.1-nano,extensive,bacillus
Schaalia turicensis,cell_shape,Cell Shape,openai/gpt-4.1-nano,OpenAI gpt-4.1-nano,extensive,coccus
Sorangium bulgaricum,cell_shape,Cell Shape,openai/gpt-4.1-nano,OpenAI gpt-4.1-nano,extensive,coccus
Sorangium cellulosum,cell_shape,Cell Shape,openai/gpt-4.1-nano,OpenAI gpt-4.1-nano,extensive,coccus
Staphylococcus argenteus,cell_shape,Cell Shape,openai/gpt-4.1-nano,OpenAI gpt-4.1-nano,extensive,coccus
Staphylococcus arlettae,cell_shape,Cell Shape,openai/gpt-4.1-nano,OpenAI gpt-4.1-nano,extensive,coccus
Staphylococcus aureus,cell_shape,Cell Shape,openai/gpt-4.1-nano,OpenAI gpt-4.1-nano,extensive,coccus
Staphylococcus auricularis,cell_shape,Cell Shape,openai/gpt-4.1-nano,OpenAI gpt-4.1-nano,extensive,coccus
Staphylococcus canis,cell_shape,Cell Shape,openai/gpt-4.1-nano,OpenAI gpt-4.1-nano,extensive,coccus
Staphylococcus capitis,cell_shape,Cell Shape,openai/gpt-4.1-nano,OpenAI gpt-4.1-nano,extensive,coccus
Staphylococcus caprae,cell_shape,Cell Shape,openai/gpt-4.1-nano,OpenAI gpt-4.1-nano,extensive,coccus
Staphylococcus carnosus,cell_shape,Cell Shape,openai/gpt-4.1-nano,OpenAI gpt-4.1-nano,extensive,coccus
Staphylococcus chromogenes,cell_shape,Cell Shape,openai/gpt-4.1-nano,OpenAI gpt-4.1-nano,extensive,coccus
Staphylococcus delphini,cell_shape,Cell Shape,openai/gpt-4.1-nano,OpenAI gpt-4.1-nano,extensive,coccus
Staphylococcus epidermidis,cell_shape,Cell Shape,openai/gpt-4.1-nano,OpenAI gpt-4.1-nano,extensive,coccus
Staphylococcus equorum,cell_shape,Cell Shape,openai/gpt-4.1-nano,OpenAI gpt-4.1-nano,extensive,coccus
Staphylococcus haemolyticus,cell_shape,Cell Shape,openai/gpt-4.1-nano,OpenAI gpt-4.1-nano,extensive,coccus
Staphylococcus hominis,cell_shape,Cell Shape,openai/gpt-4.1-nano,OpenAI gpt-4.1-nano,extensive,coccus
Staphylococcus hyicus,cell_shape,Cell Shape,openai/gpt-4.1-nano,OpenAI gpt-4.1-nano,extensive,coccus
Staphylococcus lugdunensis,cell_shape,Cell Shape,openai/gpt-4.1-nano,OpenAI gpt-4.1-nano,extensive,coccus
Staphylococcus pseudintermedius,cell_shape,Cell Shape,openai/gpt-4.1-nano,OpenAI gpt-4.1-nano,extensive,coccus
Staphylococcus saprophyticus,cell_shape,Cell Shape,openai/gpt-4.1-nano,OpenAI gpt-4.1-nano,extensive,coccus
Staphylococcus schleiferi,cell_shape,Cell Shape,openai/gpt-4.1-nano,OpenAI gpt-4.1-nano,extensive,coccus
Staphylococcus schweitzeri,cell_shape,Cell Shape,openai/gpt-4.1-nano,OpenAI gpt-4.1-nano,extensive,coccus
Staphylococcus warneri,cell_shape,Cell Shape,openai/gpt-4.1-nano,OpenAI gpt-4.1-nano,extensive,coccus
Staphylococcus xylosus,cell_shape,Cell Shape,openai/gpt-4.1-nano,OpenAI gpt-4.1-nano,extensive,coccus
Streptomyces africanus,cell_shape,Cell Shape,openai/gpt-4.1-nano,OpenAI gpt-4.1-nano,extensive,tail
Streptomyces aurantiogriseus,cell_shape,Cell Shape,openai/gpt-4.1-nano,OpenAI gpt-4.1-nano,extensive,tail
Streptomyces azureus,cell_shape,Cell Shape,openai/gpt-4.1-nano,OpenAI gpt-4.1-nano,extensive,tail
Streptomyces brasiliensis,cell_shape,Cell Shape,openai/gpt-4.1-nano,OpenAI gpt-4.1-nano,extensive,tail
Streptomyces djakartensis,cell_shape,Cell Shape,openai/gpt-4.1-nano,OpenAI gpt-4.1-nano,extensive,tail
Streptomyces levis,cell_shape,Cell Shape,openai/gpt-4.1-nano,OpenAI gpt-4.1-nano,extensive,tail
Streptomyces lusitanus,cell_shape,Cell Shape,openai/gpt-4.1-nano,OpenAI gpt-4.1-nano,extensive,tail
Streptomyces mutabilis,cell_shape,Cell Shape,openai/gpt-4.1-nano,OpenAI gpt-4.1-nano,extensive,tail
Streptomyces pilosus,cell_shape,Cell Shape,openai/gpt-4.1-nano,OpenAI gpt-4.1-nano,extensive,tail
Streptomyces rubiginosus,cell_shape,Cell Shape,openai/gpt-4.1-nano,OpenAI gpt-4.1-nano,extensive,tail
Streptomyces thermocarboxydus,cell_shape,Cell Shape,openai/gpt-4.1-nano,OpenAI gpt-4.1-nano,extensive,tail
Streptomyces viridosporus,cell_shape,Cell Shape,openai/gpt-4.1-nano,OpenAI gpt-4.1-nano,extensive,tail
Thermus aquaticus,cell_shape,Cell Shape,openai/gpt-4.1-nano,OpenAI gpt-4.1-nano,extensive,bacillus
Weissella paramesenteroides,cell_shape,Cell Shape,openai/gpt-4.1-nano,OpenAI gpt-4.1-nano,extensive,coccus
[Clostridium] innocuum,cell_shape,Cell Shape,openai/gpt-4.1-nano,OpenAI gpt-4.1-nano,extensive,bacillus
[Clostridium] leptum,cell_shape,Cell Shape,openai/gpt-4.1-nano,OpenAI gpt-4.1-nano,extensive,bacillus
